[{"model": "auth.permission", "pk": 1, "fields": {"name": "Can add log entry", "content_type": 1, "codename": "add_logentry"}}, {"model": "auth.permission", "pk": 2, "fields": {"name": "Can change log entry", "content_type": 1, "codename": "change_logentry"}}, {"model": "auth.permission", "pk": 3, "fields": {"name": "Can delete log entry", "content_type": 1, "codename": "delete_logentry"}}, {"model": "auth.permission", "pk": 4, "fields": {"name": "Can view log entry", "content_type": 1, "codename": "view_logentry"}}, {"model": "auth.permission", "pk": 5, "fields": {"name": "Can add permission", "content_type": 2, "codename": "add_permission"}}, {"model": "auth.permission", "pk": 6, "fields": {"name": "Can change permission", "content_type": 2, "codename": "change_permission"}}, {"model": "auth.permission", "pk": 7, "fields": {"name": "Can delete permission", "content_type": 2, "codename": "delete_permission"}}, {"model": "auth.permission", "pk": 8, "fields": {"name": "Can view permission", "content_type": 2, "codename": "view_permission"}}, {"model": "auth.permission", "pk": 9, "fields": {"name": "Can add group", "content_type": 3, "codename": "add_group"}}, {"model": "auth.permission", "pk": 10, "fields": {"name": "Can change group", "content_type": 3, "codename": "change_group"}}, {"model": "auth.permission", "pk": 11, "fields": {"name": "Can delete group", "content_type": 3, "codename": "delete_group"}}, {"model": "auth.permission", "pk": 12, "fields": {"name": "Can view group", "content_type": 3, "codename": "view_group"}}, {"model": "auth.permission", "pk": 13, "fields": {"name": "Can add user", "content_type": 4, "codename": "add_user"}}, {"model": "auth.permission", "pk": 14, "fields": {"name": "Can change user", "content_type": 4, "codename": "change_user"}}, {"model": "auth.permission", "pk": 15, "fields": {"name": "Can delete user", "content_type": 4, "codename": "delete_user"}}, {"model": "auth.permission", "pk": 16, "fields": {"name": "Can view user", "content_type": 4, "codename": "view_user"}}, {"model": "auth.permission", "pk": 17, "fields": {"name": "Can add content type", "content_type": 5, "codename": "add_contenttype"}}, {"model": "auth.permission", "pk": 18, "fields": {"name": "Can change content type", "content_type": 5, "codename": "change_contenttype"}}, {"model": "auth.permission", "pk": 19, "fields": {"name": "Can delete content type", "content_type": 5, "codename": "delete_contenttype"}}, {"model": "auth.permission", "pk": 20, "fields": {"name": "Can view content type", "content_type": 5, "codename": "view_contenttype"}}, {"model": "auth.permission", "pk": 21, "fields": {"name": "Can add session", "content_type": 6, "codename": "add_session"}}, {"model": "auth.permission", "pk": 22, "fields": {"name": "Can change session", "content_type": 6, "codename": "change_session"}}, {"model": "auth.permission", "pk": 23, "fields": {"name": "Can delete session", "content_type": 6, "codename": "delete_session"}}, {"model": "auth.permission", "pk": 24, "fields": {"name": "Can view session", "content_type": 6, "codename": "view_session"}}, {"model": "auth.permission", "pk": 25, "fields": {"name": "Can add admin", "content_type": 7, "codename": "add_admin"}}, {"model": "auth.permission", "pk": 26, "fields": {"name": "Can change admin", "content_type": 7, "codename": "change_admin"}}, {"model": "auth.permission", "pk": 27, "fields": {"name": "Can delete admin", "content_type": 7, "codename": "delete_admin"}}, {"model": "auth.permission", "pk": 28, "fields": {"name": "Can view admin", "content_type": 7, "codename": "view_admin"}}, {"model": "auth.permission", "pk": 29, "fields": {"name": "Can add toys", "content_type": 12, "codename": "add_toys"}}, {"model": "auth.permission", "pk": 30, "fields": {"name": "Can change toys", "content_type": 12, "codename": "change_toys"}}, {"model": "auth.permission", "pk": 31, "fields": {"name": "Can delete toys", "content_type": 12, "codename": "delete_toys"}}, {"model": "auth.permission", "pk": 32, "fields": {"name": "Can view toys", "content_type": 12, "codename": "view_toys"}}, {"model": "auth.permission", "pk": 33, "fields": {"name": "Can add brand", "content_type": 9, "codename": "add_brand"}}, {"model": "auth.permission", "pk": 34, "fields": {"name": "Can change brand", "content_type": 9, "codename": "change_brand"}}, {"model": "auth.permission", "pk": 35, "fields": {"name": "Can delete brand", "content_type": 9, "codename": "delete_brand"}}, {"model": "auth.permission", "pk": 36, "fields": {"name": "Can view brand", "content_type": 9, "codename": "view_brand"}}, {"model": "auth.permission", "pk": 37, "fields": {"name": "Can add shoes", "content_type": 11, "codename": "add_shoes"}}, {"model": "auth.permission", "pk": 38, "fields": {"name": "Can change shoes", "content_type": 11, "codename": "change_shoes"}}, {"model": "auth.permission", "pk": 39, "fields": {"name": "Can delete shoes", "content_type": 11, "codename": "delete_shoes"}}, {"model": "auth.permission", "pk": 40, "fields": {"name": "Can view shoes", "content_type": 11, "codename": "view_shoes"}}, {"model": "auth.permission", "pk": 41, "fields": {"name": "Can add apparels", "content_type": 8, "codename": "add_apparels"}}, {"model": "auth.permission", "pk": 42, "fields": {"name": "Can change apparels", "content_type": 8, "codename": "change_apparels"}}, {"model": "auth.permission", "pk": 43, "fields": {"name": "Can delete apparels", "content_type": 8, "codename": "delete_apparels"}}, {"model": "auth.permission", "pk": 44, "fields": {"name": "Can view apparels", "content_type": 8, "codename": "view_apparels"}}, {"model": "auth.permission", "pk": 45, "fields": {"name": "Can add category", "content_type": 10, "codename": "add_category"}}, {"model": "auth.permission", "pk": 46, "fields": {"name": "Can change category", "content_type": 10, "codename": "change_category"}}, {"model": "auth.permission", "pk": 47, "fields": {"name": "Can delete category", "content_type": 10, "codename": "delete_category"}}, {"model": "auth.permission", "pk": 48, "fields": {"name": "Can view category", "content_type": 10, "codename": "view_category"}}, {"model": "auth.permission", "pk": 49, "fields": {"name": "Can add order", "content_type": 13, "codename": "add_order"}}, {"model": "auth.permission", "pk": 50, "fields": {"name": "Can change order", "content_type": 13, "codename": "change_order"}}, {"model": "auth.permission", "pk": 51, "fields": {"name": "Can delete order", "content_type": 13, "codename": "delete_order"}}, {"model": "auth.permission", "pk": 52, "fields": {"name": "Can view order", "content_type": 13, "codename": "view_order"}}, {"model": "auth.permission", "pk": 53, "fields": {"name": "Can add user profile", "content_type": 14, "codename": "add_userprofile"}}, {"model": "auth.permission", "pk": 54, "fields": {"name": "Can change user profile", "content_type": 14, "codename": "change_userprofile"}}, {"model": "auth.permission", "pk": 55, "fields": {"name": "Can delete user profile", "content_type": 14, "codename": "delete_userprofile"}}, {"model": "auth.permission", "pk": 56, "fields": {"name": "Can view user profile", "content_type": 14, "codename": "view_userprofile"}}, {"model": "auth.user", "pk": 3, "fields": {"password": "pbkdf2_sha256$1000000$sqO30bb11ixiXRF1VC5egY$REw/63MDQJKR/IsusRq+Q56JbUs99CObZFGMKHb6BHE=", "last_login": null, "is_superuser": true, "username": "admin", "first_name": "", "last_name": "", "email": "admin@streethaven.com", "is_staff": true, "is_active": true, "date_joined": "2026-04-12T12:54:32.420Z", "groups": [], "user_permissions": []}}, {"model": "auth.user", "pk": 4, "fields": {"password": "pbkdf2_sha256$1000000$lMdjHrWZeTxFDhUyPRhRF2$SYwrKirLUPcArlTyM5T0gX7HO4K2iX9AjxRQrHO1WGg=", "last_login": "2026-04-12T14:19:30.202Z", "is_superuser": false, "username": "QRH31", "first_name": "", "last_name": "", "email": "", "is_staff": false, "is_active": true, "date_joined": "2026-04-12T12:56:08.914Z", "groups": [], "user_permissions": []}}, {"model": "auth.user", "pk": 5, "fields": {"password": "pbkdf2_sha256$1000000$0N1wXZrZ3lCSxMhF2icxMJ$ReD1qUsHQbAgA2zJVrKI39ZzuDmJFBLRFTl7UuoJXgM=", "last_login": "2026-04-13T10:03:27.944Z", "is_superuser": true, "username": "QUIEL3113", "first_name": "Quiel", "last_name": "Hisarza", "email": "Quielrh@gmail.com", "is_staff": true, "is_active": true, "date_joined": "2026-04-12T15:17:13.158Z", "groups": [], "user_permissions": []}}, {"model": "auth.user", "pk": 6, "fields": {"password": "pbkdf2_sha256$1000000$YfzHlUdMVrdfO1ILmtRoS2$+cRdQMMZNcV625wCotaN2k2WGayFXWpPD+6PaS1mPPc=", "last_login": "2026-04-13T10:40:53.081Z", "is_superuser": false, "username": "John Mark", "first_name": "John", "last_name": "Mark", "email": "JM@gmail.com", "is_staff": false, "is_active": true, "date_joined": "2026-04-13T10:31:23.960Z", "groups": [], "user_permissions": []}}, {"model": "contenttypes.contenttype", "pk": 1, "fields": {"app_label": "admin", "model": "logentry"}}, {"model": "contenttypes.contenttype", "pk": 2, "fields": {"app_label": "auth", "model": "permission"}}, {"model": "contenttypes.contenttype", "pk": 3, "fields": {"app_label": "auth", "model": "group"}}, {"model": "contenttypes.contenttype", "pk": 4, "fields": {"app_label": "auth", "model": "user"}}, {"model": "contenttypes.contenttype", "pk": 5, "fields": {"app_label": "contenttypes", "model": "contenttype"}}, {"model": "contenttypes.contenttype", "pk": 6, "fields": {"app_label": "sessions", "model": "session"}}, {"model": "contenttypes.contenttype", "pk": 7, "fields": {"app_label": "busiwebapp", "model": "admin"}}, {"model": "contenttypes.contenttype", "pk": 8, "fields": {"app_label": "busiwebapp", "model": "apparels"}}, {"model": "contenttypes.contenttype", "pk": 9, "fields": {"app_label": "busiwebapp", "model": "brand"}}, {"model": "contenttypes.contenttype", "pk": 10, "fields": {"app_label": "busiwebapp", "model": "category"}}, {"model": "contenttypes.contenttype", "pk": 11, "fields": {"app_label": "busiwebapp", "model": "shoes"}}, {"model": "contenttypes.contenttype", "pk": 12, "fields": {"app_label": "busiwebapp", "model": "toys"}}, {"model": "contenttypes.contenttype", "pk": 13, "fields": {"app_label": "busiwebapp", "model": "order"}}, {"model": "contenttypes.contenttype", "pk": 14, "fields": {"app_label": "busiwebapp", "model": "userprofile"}}, {"model": "sessions.session", "pk": "78aj5ii7j3306jk2fu1lp343fsg4d57e", "fields": {"session_data": ".eJxVjDEKwzAMAP-iuRjLiY2dsXvfECRZrtOWBOJkKv17CWRo17vj3jDSvtVxb7qOU4YBPFx-GZM8dT5EftB8X4ws87ZObI7EnLaZ25L1dT3bv0GlVmGALkbsNWRkTbagJGIv6LEUx7HvJAdV30Uu5GzxQZJ1YtFx6FO2GAk-X-6cN_c:1wBxD5:oFIvisWA4D2OENLibIZNlm7lz9m39YrYQ5luU1Ql43k", "expire_date": "2026-04-26T15:58:55.186Z"}}, {"model": "busiwebapp.brand", "pk": 1, "fields": {"name": "Nike"}}, {"model": "busiwebapp.brand", "pk": 2, "fields": {"name": "Nike"}}, {"model": "busiwebapp.brand", "pk": 3, "fields": {"name": "Nike"}}, {"model": "busiwebapp.brand", "pk": 4, "fields": {"name": "Nike"}}, {"model": "busiwebapp.brand", "pk": 5, "fields": {"name": "Jordan"}}, {"model": "busiwebapp.brand", "pk": 6, "fields": {"name": "Jordan"}}, {"model": "busiwebapp.brand", "pk": 7, "fields": {"name": "Adidas"}}, {"model": "busiwebapp.brand", "pk": 8, "fields": {"name": "Adidas"}}, {"model": "busiwebapp.brand", "pk": 9, "fields": {"name": "New Balance"}}, {"model": "busiwebapp.brand", "pk": 10, "fields": {"name": "New Balance"}}, {"model": "busiwebapp.brand", "pk": 11, "fields": {"name": "Puma"}}, {"model": "busiwebapp.brand", "pk": 12, "fields": {"name": "Vans"}}, {"model": "busiwebapp.brand", "pk": 13, "fields": {"name": "Converse"}}, {"model": "busiwebapp.brand", "pk": 14, "fields": {"name": "Reebok"}}, {"model": "busiwebapp.brand", "pk": 15, "fields": {"name": "Nike"}}, {"model": "busiwebapp.brand", "pk": 16, "fields": {"name": "Nike"}}, {"model": "busiwebapp.brand", "pk": 17, "fields": {"name": "Adidas"}}, {"model": "busiwebapp.brand", "pk": 18, "fields": {"name": "Puma"}}, {"model": "busiwebapp.brand", "pk": 19, "fields": {"name": "Vans"}}, {"model": "busiwebapp.brand", "pk": 20, "fields": {"name": "New Balance"}}, {"model": "busiwebapp.brand", "pk": 21, "fields": {"name": "Adidas"}}, {"model": "busiwebapp.category", "pk": 1, "fields": {"name": "Sneakers"}}, {"model": "busiwebapp.category", "pk": 2, "fields": {"name": "Sneakers"}}, {"model": "busiwebapp.category", "pk": 3, "fields": {"name": "Sneakers"}}, {"model": "busiwebapp.category", "pk": 4, "fields": {"name": "Sneakers"}}, {"model": "busiwebapp.category", "pk": 5, "fields": {"name": "Sneakers"}}, {"model": "busiwebapp.category", "pk": 6, "fields": {"name": "Sneakers"}}, {"model": "busiwebapp.category", "pk": 7, "fields": {"name": "Sneakers"}}, {"model": "busiwebapp.category", "pk": 8, "fields": {"name": "Sneakers"}}, {"model": "busiwebapp.category", "pk": 9, "fields": {"name": "Sneakers"}}, {"model": "busiwebapp.category", "pk": 10, "fields": {"name": "Sneakers"}}, {"model": "busiwebapp.category", "pk": 11, "fields": {"name": "Sneakers"}}, {"model": "busiwebapp.category", "pk": 12, "fields": {"name": "Sneakers"}}, {"model": "busiwebapp.category", "pk": 13, "fields": {"name": "Sneakers"}}, {"model": "busiwebapp.category", "pk": 14, "fields": {"name": "T-Shirts"}}, {"model": "busiwebapp.category", "pk": 15, "fields": {"name": "Hoodies"}}, {"model": "busiwebapp.category", "pk": 16, "fields": {"name": "Jackets"}}, {"model": "busiwebapp.category", "pk": 17, "fields": {"name": "Hoodies"}}, {"model": "busiwebapp.category", "pk": 18, "fields": {"name": "T-Shirts"}}, {"model": "busiwebapp.category", "pk": 19, "fields": {"name": "Pants"}}, {"model": "busiwebapp.category", "pk": 20, "fields": {"name": "T-Shirts"}}, {"model": "busiwebapp.shoes", "pk": 2, "fields": {"name": "Air Force 1 Low \"White Butterflies\"", "price": 4200.0, "stock": 10, "description": "Model\r\nIH4480-100 |\r\nRelease Date\r\n2025-06-20 | \r\nOccasion \r\nlifestyle | \r\nColorway\r\nWhite/White/Black", "image_front": "shoes/Air_Force_1_Low_White_Butterflies__FRONT.webp", "image_back": "shoes/Air_Force_1_Low_White_Butterflies__BACK.webp", "image_left": "shoes/Air_Force_1_Low_White_Butterflies__LEFT.webp", "image_right": "shoes/Air_Force_1_Low_White_Butterflies__RIGHT.webp", "color": "White", "gender": "Unisex", "category": 2, "brand": 2, "is_available": true, "old_price": null}}, {"model": "busiwebapp.shoes", "pk": 3, "fields": {"name": "Air Max 90 SE 'Black Scream Green'", "price": 8500.0, "stock": 10, "description": "Model\r\nDN4155-001\r\nRelease Date\r\n2022-05-17\r\nSeries\r\nAir Max\r\nSub Series\r\nAir Max 90\r\nOccasion\r\nlifestyle\r\nColorway\r\nBlack/White/Green", "image_front": "shoes/Air_Max_90_SE_Black_Scream_Green__FRONT.webp", "image_back": "shoes/Air_Max_90_SE_Black_Scream_Green__BACK.webp", "image_left": "shoes/Air_Max_90_SE_Black_Scream_Green__LEFT.webp", "image_right": "shoes/Air_Max_90_SE_Black_Scream_Green__RIGHT.webp", "color": "White, Black & Cream", "gender": "Unisex", "category": 3, "brand": 3, "is_available": true, "old_price": null}}, {"model": "busiwebapp.shoes", "pk": 4, "fields": {"name": "Nike Dunk Low \"Vintage Navy\"", "price": 6800.0, "stock": 10, "description": "Model\r\nDD1503-115 | \r\nRelease Date\r\n2022-01-14 | \r\nOccasion\r\nlifestyle | \r\nColorway\r\nBlue/White", "image_front": "shoes/Nike_Dunk_Low_Vintage_Navy__FRONT.webp", "image_back": "shoes/Nike_Dunk_Low_Vintage_Navy__BACK.webp", "image_left": "shoes/Nike_Dunk_Low_Vintage_Navy__LEFT.webp", "image_right": "shoes/Nike_Dunk_Low_Vintage_Navy__RIGHT.webp", "color": "Navy Blue & White", "gender": "Unisex", "category": 4, "brand": 4, "is_available": true, "old_price": null}}, {"model": "busiwebapp.shoes", "pk": 17, "fields": {"name": "Stan Smith 'Superstan'", "price": 9700.0, "stock": 10, "description": "Model\r\nFW6095\r\nOccasion\r\nlifestyle\r\nColorway\r\nWhite\r\nRelease Date\r\n2020-08-26\r\nSeries\r\nStan Smith\r\nNickname\r\nSuperstan", "image_front": "shoes/ADIDAS_Stan_Smith_Superstan__FRONT_cec2oPX.webp", "image_back": "shoes/ADIDAS_Stan_Smith_Superstan__BACK_ZR5gsKT.webp", "image_left": "shoes/ADIDAS_Stan_Smith_Superstan__LEFT_yvI4kq1.webp", "image_right": "shoes/ADIDAS_Stan_Smith_Superstan__RIGHT_PlcsQLh.webp", "color": "White", "gender": "Unisex", "category": 10, "brand": 7, "is_available": true, "old_price": null}}, {"model": "busiwebapp.shoes", "pk": 18, "fields": {"name": "Air Jordan 1 Low SE Craft 'Inside Out'", "price": 9800.0, "stock": 23, "description": "Specs\r\nModel\r\nDN1635-100\r\nRelease Date\r\n2022-08-03\r\nSeries\r\nAir Jordan 1\r\nSub Series\r\nAir Jordan 1 Low\r\nOccasion\r\nlifestyle\r\nColorway\r\nCream/Whte/Light Grey", "image_front": "shoes/Air_Jordan_1_Low_SE_Craft_Inside_Out_FRONT_GVAGASC.webp", "image_back": "shoes/Air_Jordan_1_Low_SE_Craft_Inside_Out_BACK_S616k9l.webp", "image_left": "shoes/Air_Jordan_1_Low_SE_Craft_Inside_Out_LEFT_dp7OTQj.webp", "image_right": "shoes/Air_Jordan_1_Low_SE_Craft_Inside_Out_RIGHT_xqNcsWE.webp", "color": "White", "gender": "Unisex", "category": 12, "brand": 5, "is_available": true, "old_price": null}}, {"model": "busiwebapp.shoes", "pk": 19, "fields": {"name": "Air Jordan 1 Mid Rookie Season", "price": 9000.0, "stock": 15, "description": "Model\r\nDR6496-116\r\nRelease Date\r\n2022-11-30\r\nSeries\r\nAir Jordan 1\r\nSub Series\r\nAir Jordan 1 Mid\r\nOccasion\r\nlifestyle\r\nColorway\r\nWHITE/UNIV RED", "image_front": "shoes/Air_Jordan_1_Mid_Rookie_Season__FRONT_l6KkGgF.webp", "image_back": "shoes/Air_Jordan_1_Mid_Rookie_Season__BACK_nIGbCRX.webp", "image_left": "shoes/Air_Jordan_1_Mid_Rookie_Season__LEFT_Q8CvbmI.webp", "image_right": "shoes/Air_Jordan_1_Mid_Rookie_Season__RIGHT_sZzl3rO.webp", "color": "White, Red", "gender": "Unisex", "category": 12, "brand": 5, "is_available": true, "old_price": null}}, {"model": "busiwebapp.shoes", "pk": 20, "fields": {"name": "Air Jordan 4 Retro 'Black Cat'", "price": 24000.0, "stock": 3, "description": "Model\r\nFV5029-010\r\nOccasion\r\nlifestyle\r\nColorway\r\nBlack/Black/Light Graphite\r\nRelease Date\r\n2025-11-28\r\nSeries\r\nAir Jordan 4\r\nNickname\r\nBlack Cat", "image_front": "shoes/Air_Jordan_4_Retro_Black_Cat__FRONT_WHOE5YX.webp", "image_back": "shoes/Air_Jordan_4_Retro_Black_Cat__BACK_dHxXOmG.webp", "image_left": "shoes/Air_Jordan_4_Retro_Black_Cat__LEFT_y0HCcXk.webp", "image_right": "shoes/Air_Jordan_4_Retro_Black_Cat__RIGHT_uBAn8Z4.webp", "color": "Black", "gender": "Unisex", "category": 10, "brand": 5, "is_available": true, "old_price": null}}, {"model": "busiwebapp.shoes", "pk": 21, "fields": {"name": "Air Jordan 4 Retro 'Vivid Sulfur'", "price": 15000.0, "stock": 7, "description": "Model\r\nAQ9129-101\r\nOccasion\r\nlifestyle\r\nColorway\r\nWhite/Coconut Milk/Vivid Sulfur/Anthracite\r\nRelease Date\r\n2024-04-06\r\nSeries\r\nAir Jordan 4\r\nNickname\r\nVivid Sulfur", "image_front": "shoes/Air_Jordan_4_Retro_Vivid_Sulfur__FRONT_lOX5xSC.webp", "image_back": "shoes/Air_Jordan_4_Retro_Vivid_Sulfur__BACK_F1vR2h3.webp", "image_left": "shoes/Air_Jordan_4_Retro_Vivid_Sulfur__LEFT_dMsHRfw.webp", "image_right": "shoes/Air_Jordan_4_Retro_Vivid_Sulfur__RIGHT_aZRybzl.webp", "color": "Yellow, White, & Black", "gender": "Unisex", "category": 12, "brand": 5, "is_available": true, "old_price": null}}, {"model": "busiwebapp.shoes", "pk": 22, "fields": {"name": "Air Jorda 1 Low SE 'Lightbulb'", "price": 8500.0, "stock": 12, "description": "Model\r\nCZ3572-104\r\nRelease Date\r\n2020-04-08\r\nSeries\r\nAir Jordan 1\r\nSub Series\r\nAir Jordan 1 Low\r\nOccasion\r\nlifestyle\r\nColorway\r\nWhite/Multi-Color", "image_front": "shoes/AJ_1_Low_SE_Lightbulb__FRONT_KUw4e7N_dU1e14e.webp", "image_back": "shoes/AJ_1_Low_SE_Lightbulb__BACK_j3TaUol_3yNIZlM.webp", "image_left": "shoes/AJ_1_Low_SE_Lightbulb_LEFT_FXEfrNY_F7fb9Jo.webp", "image_right": "shoes/AJ_1_Low_SE_Lightbulb__RIGHT_40VItMP_5OgcZNU.webp", "color": "Multi", "gender": "Unisex", "category": 13, "brand": 6, "is_available": true, "old_price": null}}, {"model": "busiwebapp.shoes", "pk": 23, "fields": {"name": "Kobe 5 Protro 'Year of the Mamba University Red'", "price": 20000.0, "stock": 10, "description": "Model HF5182-600 | \r\nRelease Date\r\n2025-01-18  |  \r\nSeries\r\nKobe  |  \r\nNickname\r\nYear of the Mamba University Red  | \r\nThickness\r\nRegular Sole  |  \r\nUpper Material\r\nSynthetic Leather  \r\nClosure\r\nLacing\r\nSub Series  |  \r\nKobe 5\r\nOccasion  |  \r\nbasketball\r\nColorway  |  \r\nUniversity Red/Black/Metallic Gold\r\nSole Material  |  \r\nRubber Sole\r\nColor  |  \r\nred\r\nUpper\r\nLow top\r\nToe Type\r\nRound Toe", "image_front": "shoes/N_Kobe_5_Protro_Year_of_the_Mamba_University_Red__FRONT_mb3JwJV_11FrhTB.webp", "image_back": "shoes/N_Kobe_5_Protro_Year_of_the_Mamba_University_Red__BACK_x0rvVEA_kHSjCKF.webp", "image_left": "shoes/N_Kobe_5_Protro_Year_of_the_Mamba_University_Red__LEFT_YEl1P7X.webp", "image_right": "shoes/N_Kobe_5_Protro_Year_of_the_Mamba_University_Red__RIGHT_tAK2UOV_INsbdMs.webp", "color": "Red", "gender": "Male", "category": 12, "brand": 3, "is_available": true, "old_price": null}}, {"model": "busiwebapp.apparels", "pk": 1, "fields": {"name": "Tech Fleece Full Zip Windrunner Hooded Jacket Asia Sizing 'Black'", "price": 5000.0, "stock": 10, "description": "Model\r\nFB7922-010\r\nOccasion\r\nlifestyle\r\nColorway\r\nBlack/Multi-Color\r\nRelease Date\r\n2023-09-07\r\nSeries\r\nHoodies\r\nNickname\r\nBlack", "image_front": "apparels/Tech_Fleece_Full_Zip_Windrunner_Hooded_Jacket_Asia_Sizing_Black__FRONT.webp", "image_back": "apparels/Tech_Fleece_Full_Zip_Windrunner_Hooded_Jacket_Asia_Sizing_Black__BACK.webp", "image_left": "apparels/Tech_Fleece_Full_Zip_Windrunner_Hooded_Jacket_Asia_Sizing_Black__LEFT.webp", "image_right": "apparels/Tech_Fleece_Full_Zip_Windrunner_Hooded_Jacket_Asia_Sizing_Black__RIGHT.webp", "color": "Black", "gender": "Unisex", "category": 16, "brand": 15, "is_available": true, "old_price": null}}, {"model": "busiwebapp.apparels", "pk": 2, "fields": {"name": "CTT Track Jacket 3.1 Asia Sizing 'Chinese New Year CNY Olive'", "price": 2800.0, "stock": 10, "description": "Model\r\nKT3847\r\nOccasion\r\nlifestyle\r\nColorway\r\nOlive\r\nRelease Date\r\n2025-12-10\r\nSeries\r\nJackets\r\nNickname\r\nOlive", "image_front": "apparels/CTT_Track_Jacket_3.1_Asia_Sizing_Chinese_New_Year_CNY_Olive__LEFT.webp", "image_back": "apparels/CTT_Track_Jacket_3.1_Asia_Sizing_Chinese_New_Year_CNY_Olive__RIGHT.webp", "image_left": "apparels/CTT_Track_Jacket_3_J6XU4id.1_Asia_Sizing_Chinese_New_Year_CNY_Olive__LEFT.webp", "image_right": "apparels/CTT_Track_Jacket_3_AxA8dH0.1_Asia_Sizing_Chinese_New_Year_CNY_Olive__RIGHT.webp", "color": "Olive", "gender": "Unisex", "category": 16, "brand": 17, "is_available": true, "old_price": null}}, {"model": "busiwebapp.apparels", "pk": 3, "fields": {"name": "originals Fur Jacket Tr HR3483 'Black'", "price": 2200.0, "stock": 10, "description": "Model\r\nHR3483\r\nOccasion\r\nlifestyle\r\nColor\r\nblack\r\nRelease Date\r\n2022-11-02\r\nSeries\r\nJackets", "image_front": "apparels/originals_Fur_Jacket_Tr__FRONT.webp", "image_back": "apparels/originals_Fur_Jacket_Tr__BACK.webp", "image_left": "apparels/adidas_originals_Fur_Jacket_Tr__LEFT.webp", "image_right": "apparels/originals_Fur_Jacket_Tr__RIGHT.webp", "color": "Black", "gender": "Unisex", "category": 16, "brand": 17, "is_available": true, "old_price": null}}, {"model": "busiwebapp.apparels", "pk": 4, "fields": {"name": "Sportswear NSW TEE BIG SWOOSH Logo T 'White'", "price": 2000.0, "stock": 10, "description": "Model\r\nDZ2882-100\r\nOccasion\r\nlifestyle\r\nColorway\r\nWhite/Black\r\nRelease Date\r\n2023-04-18\r\nSeries\r\nApparel\r\nNickname\r\nWhite", "image_front": "apparels/Sportswear_NSW_TEE_BIG_SWOOSH_Logo_T_White__FRONT_psWiTGl.webp", "image_back": "apparels/Sportswear_NSW_TEE_BIG_SWOOSH_Logo_T_White__BACK_mJDB3mf.webp", "image_left": "apparels/Sportswear_NSW_TEE_BIG_SWOOSH_Logo_T_White__LEFT_s2KLg8e.webp", "image_right": "apparels/Sportswear_NSW_TEE_BIG_SWOOSH_Logo_T_White__RIGHT_MPG2b1f.webp", "color": "White", "gender": "Unisex", "category": 18, "brand": 16, "is_available": true, "old_price": null}}, {"model": "busiwebapp.apparels", "pk": 5, "fields": {"name": "Air Jordan x Travis Scott Leather Moto Jacket 'Archaeo Brown'_", "price": 14000.0, "stock": 5, "description": "Model\r\nDX6168-256\r\nOccasion\r\nlifestyle\r\nColorway\r\nArchaeo Brown/Dark Smoke Grey/Sail\r\nRelease Date\r\n2023-10-09\r\nSeries\r\nAir Jordan Clothing\r\nNickname\r\nArchaeo Brown", "image_front": "apparels/Air_Jordan_x_Travis_Scott_Leather_Moto_Jacket_Archaeo_Brown__FRONT.webp", "image_back": "apparels/Air_Jordan_x_Travis_Scott_Leather_Moto_Jacket_Archaeo_Brown__BACK.webp", "image_left": "apparels/Air_Jordan_x_Travis_Scott_Leather_Moto_Jacket_Archaeo_Brown__LEFT.webp", "image_right": "apparels/Air_Jordan_x_Travis_Scott_Leather_Moto_Jacket_Archaeo_Brown__Right.webp", "color": "Brown", "gender": "Unisex", "category": 16, "brand": 6, "is_available": true, "old_price": null}}, {"model": "busiwebapp.apparels", "pk": 6, "fields": {"name": "Skate Jacket 'Brown'", "price": 5600.0, "stock": 10, "description": "Model\r\n10026550-A02\r\nOccasion\r\nlifestyle\r\nNickname\r\nBrown\r\nRelease Date\r\n2023-11-10\r\nColorway\r\nBrown", "image_front": "apparels/ConverseSkate_Jacket_Brown__FRONT.webp", "image_back": "apparels/ConverseSkate_Jacket_Brown__BACK_6jsiDUH.webp", "image_left": "apparels/ConverseSkate_Jacket_Brown__LEFT_AhDH8dG.webp", "image_right": "apparels/ConverseSkate_Jacket_Brown__RIGHT.webp", "color": "Brown", "gender": "Unisex", "category": 16, "brand": 13, "is_available": true, "old_price": null}}, {"model": "busiwebapp.apparels", "pk": 7, "fields": {"name": "Sportswear NSW TEE BIG SWOOSH LogoT 'White'", "price": 3300.0, "stock": 10, "description": "Model\r\nDZ2882-100 | \r\nOccasion\r\nlifestyle | \r\nColorway\r\nWhite/Black | \r\nRelease Date\r\n2023-04-18", "image_front": "apparels/Sportswear_NSW_TEE_BIG_SWOOSH_Logo_T_White__LEFT.webp", "image_back": "apparels/Sportswear_NSW_TEE_BIG_SWOOSH_Logo_T_White__BACK.webp", "image_left": "apparels/Sportswear_NSW_TEE_BIG_SWOOSH_Logo_T_White__FRONT.webp", "image_right": "apparels/Sportswear_NSW_TEE_BIG_SWOOSH_Logo_T_White__RIGHT.webp", "color": "Green", "gender": "Unisex", "category": 20, "brand": 21, "is_available": true, "old_price": null}}, {"model": "busiwebapp.toys", "pk": 1, "fields": {"name": "Hirono Living Wild-Fight for Joy Plush Doll_", "price": 3500.0, "stock": 10, "description": "Brand: POP MART\r\nPRODUCT SIZE: Height about 11 cm\r\nMaterial: Plush/wick velvet fabric/PV", "image_front": "toys/Hirono_Living_Wild-Fight_for_Joy_Plush_Doll__FRONT.jpg", "image_back": "toys/Hirono_Living_Wild-Fight_for_Joy_Plush_Doll__BACK.jpg", "image_left": "toys/Hirono_Living_Wild-Fight_for_Joy_Plush_Doll__LEFT.jpg", "image_right": "toys/Hirono_Living_Wild-Fight_for_Joy_Plush_Doll__BACK_2DMABtP.jpg", "color": "Multi", "is_available": true, "old_price": null}}, {"model": "busiwebapp.toys", "pk": 2, "fields": {"name": "SKULLPANDA Lazy Panda Plush Doll Pendant", "price": 4300.0, "stock": 10, "description": "Brand: POP MART\r\nPRODUCT SIZE: Height about 13.5 cm\r\nMaterial: PVC/ABS/polyester fiber", "image_front": "toys/SKULLPANDA_Lazy_Panda_Plush_Doll_Pendant__FRONT.jpg", "image_back": "toys/SKULLPANDA_Lazy_Panda_Plush_Doll_Pendant__BACK.jpg", "image_left": "toys/SKULLPANDA_Lazy_Panda_Plush_Doll_Pendant__LEFT.jpg", "image_right": "toys/SKULLPANDA_Lazy_Panda_Plush_Doll_Pendant__RIGHT.jpg", "color": "Multi", "is_available": true, "old_price": -1.0}}, {"model": "busiwebapp.toys", "pk": 3, "fields": {"name": "MEGA SPACE MOLLY 400% + Action Figure Squid Game Set", "price": 5000.0, "stock": 10, "description": "BRAND POP MART\r\nSIZE 297mm(400%) 210mm(Action Figure)\r\nMATERIAL PVC / ABS/PC/Polyester", "image_front": "toys/MEGA_SPACE_MOLLY_400__Action_Figure_Squid_Game_Set__FRONT.jpg", "image_back": "toys/MEGA_SPACE_MOLLY_400__Action_Figure_Squid_Game_Set__BACK.jpg", "image_left": "toys/MEGA_SPACE_MOLLY_400__Action_Figure_Squid_Game_Set__LEFT.jpg", "image_right": "toys/MEGA_SPACE_MOLLY_400__Action_Figure_Squid_Game_Set__RIGHT.jpg", "color": "White, Black & Cream", "is_available": true, "old_price": null}}]